{"stats":{"minecraft:crafted":{"minecraft:golden_axe":1,"sophisticatedbackpacks:backpack":1,"minecraft:crafting_table":1,"minecraft:spruce_planks":24,"minecraft:stick":4,"minecraft:chest":1,"minecraft:white_bed":1},"minecraft:used":{"minecraft:apple":1,"minecraft:spruce_planks":3,"minecraft:crafting_table":2,"minecraft:carrot":17,"minecraft:white_bed":1,"minecraft:golden_axe":9},"minecraft:picked_up":{"minecraft:book":18,"minecraft:stick":2,"minecraft:crafting_table":2,"minecraft:leather":5,"minecraft:birch_planks":3,"minecraft:stripped_spruce_log":6,"minecraft:white_bed":1,"minecraft:string":5,"minecraft:rotten_flesh":6,"minecraft:spruce_slab":2,"minecraft:birch_sapling":2,"minecraft:white_wool":3},"minecraft:custom":{"minecraft:time_since_rest":1147,"lootr:looted_stat":6,"minecraft:sprint_one_cm":26878,"minecraft:damage_taken":330,"minecraft:walk_one_cm":63010,"minecraft:damage_dealt":87,"minecraft:swim_one_cm":421,"minecraft:interact_with_crafting_table":9,"minecraft:fly_one_cm":55306,"minecraft:open_barrel":13,"minecraft:crouch_one_cm":1290,"minecraft:play_time":15161,"minecraft:sneak_time":327,"minecraft:walk_under_water_one_cm":107,"minecraft:jump":307,"minecraft:walk_on_water_one_cm":113,"minecraft:time_since_death":15161,"minecraft:sleep_in_bed":1,"minecraft:climb_one_cm":1604,"minecraft:total_world_time":15161,"minecraft:fall_one_cm":12898},"minecraft:mined":{"minecraft:white_bed":1,"minecraft:stripped_spruce_log":7,"minecraft:crafting_table":2,"minecraft:bookshelf":6,"minecraft:spruce_slab":2}},"DataVersion":3465}