{"stats":{"minecraft:picked_up":{"minecraft:birch_sapling":2,"minecraft:book":18},"minecraft:used":{"minecraft:carrot":2,"minecraft:apple":1},"minecraft:custom":{"minecraft:jump":96,"minecraft:time_since_rest":3161,"lootr:looted_stat":1,"minecraft:walk_on_water_one_cm":113,"minecraft:sprint_one_cm":7852,"minecraft:play_time":3161,"minecraft:damage_taken":160,"minecraft:time_since_death":3161,"minecraft:walk_one_cm":11164,"minecraft:climb_one_cm":1604,"minecraft:total_world_time":3161,"minecraft:walk_under_water_one_cm":107,"minecraft:swim_one_cm":421,"minecraft:fall_one_cm":4488,"minecraft:fly_one_cm":19217},"minecraft:mined":{"minecraft:bookshelf":6}},"DataVersion":3465}