{"stats":{"minecraft:crafted":{"minecraft:golden_axe":1,"sophisticatedbackpacks:backpack":1,"minecraft:crafting_table":1,"minecraft:spruce_planks":24,"minecraft:wooden_pickaxe":1,"minecraft:birch_planks":24,"minecraft:stone_axe":1,"minecraft:iron_hoe":1,"minecraft:stick":8,"minecraft:stone_pickaxe":1,"minecraft:chest":1,"minecraft:white_bed":1},"minecraft:used":{"minecraft:birch_planks":4,"minecraft:stone_pickaxe":10,"minecraft:spruce_planks":5,"minecraft:wooden_pickaxe":3,"minecraft:crafting_table":2,"minecraft:carrot":30,"minecraft:white_bed":1,"minecraft:iron_hoe":31,"born_in_chaos_v1:smoked_flesh":1,"minecraft:apple":1,"minecraft:pink_wool":1,"minecraft:golden_carrot":3,"minecraft:golden_axe":24},"minecraft:picked_up":{"minecraft:birch_log":6,"minecraft:crafting_table":2,"minecraft:leather":6,"minecraft:pink_wool":1,"minecraft:birch_planks":3,"minecraft:gunpowder":2,"minecraft:string":9,"minecraft:purple_carpet":2,"minecraft:bone":10,"minecraft:beef":3,"minecraft:spruce_slab":4,"minecraft:light_gray_wool":1,"minecraft:birch_sapling":2,"minecraft:furnace":1,"minecraft:book":18,"minecraft:stick":2,"minecraft:porkchop":6,"minecraft:stripped_spruce_log":6,"minecraft:white_bed":1,"born_in_chaos_v1:pieceofdarkmetal":3,"minecraft:shulker_box":1,"minecraft:arrow":4,"minecraft:rotten_flesh":10,"minecraft:mutton":3,"minecraft:white_wool":3,"minecraft:cobblestone":7,"minecraft:ender_pearl":1},"minecraft:broken":{"minecraft:golden_axe":1},"minecraft:killed":{"minecraft:pig":3,"minecraft:spider":3,"minecraft:creeper":1,"born_in_chaos_v1:decrepit_skeleton":2,"minecraft:sheep":2,"minecraft:skeleton":2,"minecraft:enderman":2,"minecraft:cow":1},"minecraft:dropped":{"minecraft:spruce_slab":2},"minecraft:custom":{"lootr:looted_stat":12,"minecraft:interact_with_furnace":1,"minecraft:mob_kills":16,"minecraft:interact_with_crafting_table":13,"minecraft:open_barrel":24,"minecraft:leave_game":1,"minecraft:time_since_death":30242,"minecraft:sleep_in_bed":1,"minecraft:climb_one_cm":1826,"minecraft:time_since_rest":16228,"minecraft:sprint_one_cm":92332,"minecraft:damage_taken":765,"minecraft:walk_one_cm":158615,"minecraft:drop":1,"minecraft:damage_dealt":3627,"minecraft:damage_dealt_absorbed":78,"minecraft:swim_one_cm":13583,"minecraft:fly_one_cm":130744,"minecraft:crouch_one_cm":2012,"minecraft:play_time":30242,"tombstone:undead_killed":4,"minecraft:sneak_time":651,"minecraft:walk_under_water_one_cm":346,"minecraft:jump":797,"minecraft:walk_on_water_one_cm":1762,"minecraft:total_world_time":30242,"minecraft:fall_one_cm":26876},"minecraft:mined":{"minecraft:white_bed":1,"minecraft:shulker_box":1,"minecraft:crafting_table":2,"minecraft:cobblestone":7,"minecraft:furnace":1,"minecraft:birch_log":6,"minecraft:stripped_spruce_log":7,"minecraft:grass":1,"minecraft:bookshelf":6,"minecraft:purple_carpet":2,"minecraft:red_mushroom_block":2,"minecraft:spruce_slab":2,"minecraft:oak_leaves":1}},"DataVersion":3465}