{"stats":{"minecraft:killed":{"minecraft:cow":4},"minecraft:used":{"minecraft:beef":3,"minecraft:brown_mushroom":3},"minecraft:picked_up":{"minecraft:stick":4,"minecraft:leather":3,"minecraft:brown_mushroom":3,"minecraft:wheat_seeds":7,"minecraft:beef":6,"minecraft:lily_pad":1,"minecraft:oak_sapling":1},"minecraft:mined":{"minecraft:grass":39,"minecraft:vine":4,"minecraft:brown_mushroom":3,"minecraft:dead_bush":6,"minecraft:lily_pad":1,"minecraft:oak_leaves":2},"minecraft:dropped":{"minecraft:wheat_seeds":7},"minecraft:custom":{"minecraft:time_since_rest":6772,"minecraft:play_time":6772,"minecraft:sprint_one_cm":30966,"minecraft:damage_taken":20,"minecraft:walk_one_cm":7000,"minecraft:sneak_time":6,"minecraft:mob_kills":4,"minecraft:drop":2,"minecraft:jump":238,"minecraft:damage_dealt":400,"minecraft:leave_game":1,"minecraft:time_since_death":6772,"minecraft:walk_on_water_one_cm":567,"minecraft:total_world_time":6772,"minecraft:climb_one_cm":2485,"minecraft:fall_one_cm":4055,"minecraft:fly_one_cm":50283}},"DataVersion":3465}