{"stats":{"minecraft:crafted":{"minecraft:crafting_table":2,"minecraft:stick":8,"minecraft:wooden_pickaxe":1,"minecraft:stone_pickaxe":1,"minecraft:birch_planks":20,"minecraft:stone_axe":1},"minecraft:used":{"minecraft:stone_pickaxe":4,"minecraft:wooden_pickaxe":8,"minecraft:stone_axe":12,"minecraft:dirt":1,"minecraft:crafting_table":1},"minecraft:picked_up":{"minecraft:book":9,"minecraft:birch_log":11,"minecraft:crafting_table":1,"minecraft:porkchop":1,"minecraft:wither_skeleton_skull":1,"minecraft:dirt":1,"minecraft:shulker_box":1,"minecraft:purple_bed":1,"minecraft:damaged_anvil":1,"minecraft:cobblestone":8},"minecraft:killed":{"minecraft:pig":1},"minecraft:dropped":{"minecraft:crafting_table":1,"minecraft:wooden_pickaxe":1},"minecraft:custom":{"minecraft:time_since_rest":5693,"minecraft:sprint_one_cm":19727,"lootr:looted_stat":1,"minecraft:damage_taken":70,"minecraft:walk_one_cm":13218,"minecraft:mob_kills":1,"minecraft:drop":2,"minecraft:damage_dealt":100,"minecraft:interact_with_crafting_table":2,"minecraft:fly_one_cm":11779,"minecraft:play_time":5693,"minecraft:open_shulker_box":1,"minecraft:walk_under_water_one_cm":187,"minecraft:jump":72,"minecraft:time_since_death":5693,"minecraft:walk_on_water_one_cm":176,"minecraft:climb_one_cm":552,"minecraft:total_world_time":5693,"minecraft:fall_one_cm":3177},"minecraft:mined":{"minecraft:purple_bed":1,"minecraft:birch_log":11,"minecraft:birch_leaves":1,"minecraft:shulker_box":1,"minecraft:crafting_table":1,"minecraft:bookshelf":3,"minecraft:grass_block":1,"minecraft:wither_skeleton_skull":1,"minecraft:stone":8,"minecraft:damaged_anvil":1}},"DataVersion":3465}