{"stats":{"minecraft:mined":{"minecraft:iron_ore":8,"minecraft:spruce_log":7,"minecraft:spruce_leaves":9,"minecraft:stone":11,"minecraft:crafting_table":1},"minecraft:custom":{"minecraft:time_since_rest":5816,"minecraft:play_time":5816,"minecraft:sprint_one_cm":7934,"minecraft:damage_taken":20,"minecraft:walk_one_cm":7204,"minecraft:drop":1,"minecraft:jump":58,"minecraft:time_since_death":5816,"minecraft:total_world_time":5816,"minecraft:interact_with_crafting_table":2,"minecraft:fall_one_cm":1892,"minecraft:fly_one_cm":12864},"minecraft:crafted":{"minecraft:stone_sword":1,"minecraft:crafting_table":1,"minecraft:stone_axe":1,"minecraft:spruce_planks":28,"minecraft:stick":8,"minecraft:wooden_pickaxe":1,"minecraft:stone_pickaxe":1},"minecraft:used":{"minecraft:stone_axe":1,"minecraft:crafting_table":1,"minecraft:stone_pickaxe":11,"minecraft:wooden_pickaxe":8},"minecraft:picked_up":{"minecraft:raw_iron":7,"minecraft:crafting_table":1,"minecraft:spruce_log":7,"minecraft:cobblestone":11},"minecraft:dropped":{"minecraft:wooden_pickaxe":1}},"DataVersion":3465}