{"stats":{"minecraft:custom":{"minecraft:jump":24,"minecraft:time_since_rest":3230,"minecraft:leave_game":1,"minecraft:damage_taken":30,"minecraft:sprint_one_cm":4037,"minecraft:play_time":3230,"minecraft:time_since_death":3230,"minecraft:walk_one_cm":1740,"minecraft:total_world_time":3230,"minecraft:fall_one_cm":1215,"minecraft:fly_one_cm":5028},"minecraft:mined":{"minecraft:short_grass":1,"minecraft:oak_log":2,"minecraft:oak_leaves":2},"minecraft:picked_up":{"minecraft:oak_log":2}},"DataVersion":3955}