{"stats":{"minecraft:crafted":{"sophisticatedbackpacks:backpack":1,"minecraft:crafting_table":2,"minecraft:wooden_pickaxe":1,"minecraft:birch_planks":28,"minecraft:stone_axe":1,"minecraft:stick":12,"minecraft:stone_pickaxe":1,"minecraft:stone_sword":1,"minecraft:chest":1},"minecraft:used":{"minecraft:stone_sword":13,"minecraft:stone_pickaxe":8,"minecraft:spruce_slab":7,"minecraft:wooden_pickaxe":8,"the_boiled_one:the_boiled_one_spawn_egg":7,"minecraft:torch":1,"minecraft:dirt":1,"minecraft:crafting_table":2,"minecraft:carrot":1,"minecraft:stripped_spruce_log":1,"minecraft:stone_axe":51,"born_in_chaos_v1:mesh_door":1,"minecraft:golden_carrot":3,"minecraft:purple_bed":1,"minecraft:porkchop":1,"tombstone:gift":1,"minecraft:cobweb":1},"minecraft:picked_up":{"minecraft:birch_log":11,"minecraft:crafting_table":1,"minecraft:feather":5,"minecraft:chicken":6,"minecraft:leather":2,"minecraft:wither_skeleton_skull":1,"minecraft:string":2,"minecraft:dirt":1,"born_in_chaos_v1:mesh_door":1,"minecraft:bone":3,"minecraft:beef":8,"minecraft:spruce_slab":7,"minecraft:egg":1,"minecraft:book":9,"minecraft:porkchop":7,"minecraft:stripped_spruce_log":1,"minecraft:shulker_box":1,"minecraft:bundle":1,"minecraft:purple_bed":2,"minecraft:rotten_flesh":6,"minecraft:damaged_anvil":1,"minecraft:mutton":3,"minecraft:white_wool":2,"minecraft:cobblestone":10},"minecraft:killed":{"minecraft:pig":3,"born_in_chaos_v1:door_knight_not_despawn":1,"minecraft:spider":1,"born_in_chaos_v1:decrepit_skeleton":2,"minecraft:sheep":2,"minecraft:chicken":6,"minecraft:cow":4},"minecraft:dropped":{"minecraft:birch_planks":3,"minecraft:crafting_table":1,"minecraft:rotten_flesh":6,"minecraft:leather":5,"minecraft:stick":2,"minecraft:wooden_pickaxe":1,"minecraft:string":5,"minecraft:white_wool":3},"minecraft:custom":{"lootr:looted_stat":7,"minecraft:mob_kills":19,"minecraft:interact_with_crafting_table":6,"minecraft:open_barrel":4,"minecraft:open_shulker_box":1,"minecraft:leave_game":3,"minecraft:time_since_death":54274,"minecraft:sleep_in_bed":2,"minecraft:climb_one_cm":552,"minecraft:time_since_rest":37728,"minecraft:sprint_one_cm":107591,"minecraft:damage_taken":168,"minecraft:walk_one_cm":73442,"minecraft:drop":9,"minecraft:damage_dealt":2855,"tombstone:cast_on_ally":1,"minecraft:fly_one_cm":359051,"minecraft:crouch_one_cm":681,"minecraft:play_time":54274,"tombstone:undead_killed":3,"minecraft:sneak_time":1704,"minecraft:walk_under_water_one_cm":1835,"minecraft:jump":422,"minecraft:walk_on_water_one_cm":1440,"minecraft:total_world_time":54274,"minecraft:fall_one_cm":14604},"minecraft:mined":{"minecraft:shulker_box":1,"minecraft:crafting_table":1,"minecraft:grass_block":1,"minecraft:damaged_anvil":1,"minecraft:spawner":2,"minecraft:purple_bed":2,"minecraft:birch_log":11,"minecraft:birch_leaves":2,"minecraft:bookshelf":3,"minecraft:cobweb":1,"minecraft:wither_skeleton_skull":1,"minecraft:stone":10,"minecraft:spruce_slab":7}},"DataVersion":3465}